{
    "intents": [
            {
                    "tag": "greeting",
                    "patterns": [
                      "hi",
                            "hii",
                            "how are you",
                            "is anyone there?",
                      "Hello",
                            "hello",
                            "good day",
                            "whats up",
                            "how are ya",
                            "heyy",
                            "whatsup"
                    ],
                    "responses": [
                            "Hello!",
                            "Good to see you again!",
                            "Hi there, how can I help?"
                    ],
                    "context_set": ""
            },
            {
                    "tag": "goodbye",
                    "patterns": [
                            "cya",
                            "see you",
                            "bye bye",
                            "see you later",
                            "goodbye",
                            "i am Leaving",
                            "bye",
                            "have a good day",
                            "talk to you later",
                            "tyyl",
                            "i got to go",
                            "gtg"
                    ],
                    "responses": [
                            "Sad to see you go :(",
                            "Talk to you later",
                            "Goodbye!",
                            "Come back soon"
                    ],
                    "context_set": ""
            },
            {
                    "tag": "creator",
                    "patterns": [

                            "what is the name of your developers",
                            "what is the name of your creators",
                            "what is the name of the developers",
                            "what is the name of the creators",
                            "who created you",
                            "your developers",
                            "your creators",
                            "who are your developers",
                            "developers",
                            "you are made by",
                            "you are made by whom",
                            "who created you",
                            "who create you",
                            "creators",
                            "who made you",
                            "who designed you"
                    ],
                    "responses": [
                            "Created by Pranavi Laxmi,Pragna Kongara,Vigna Varpula,Charitha Pettem and Reshma Madala"
                   ],
                    "context_set": ""
            },
            {
                    "tag": "name",
                    "patterns": [
                            "name",
                            "your name",
                            "do you have a name",
                            "what are you called",
                            "what is your name",
                            "wt is ur name",
                            "what should I call you",
                            "whats your name?",
                            "what are you",
                            "who are you",
                            "who is this",
                            "what am i chatting to",
                            "who am i taking to",
                            "what are you"
                    ],
                    "responses": [
                            "You can call me AVNI."
                       
        ],
                    "context_set": ""
            },
            {
                    "tag": "hours",
                    "patterns": [
                            "timing of college",
                            "what is college timing",
                            "working days",
                            "when are you guys open",
                            "what are your hours",
                            "hours of operation",
                            "when is the college open",
                            "college timing",
                            "what about college timing",
                            "is college open on saturday",
                            "tell something about college timing",
                            "what is the college  hours",
                            "when should i come to college",
                            "when should i attend college",
                            "what is my college time",
                            "college timing",
                            "timing college"
                    ],
                    "responses": [
                            "College is open 9am-4pm Monday-Saturday!"
                    ],
                    "context_set": ""
            },
            {
                    "tag": "number",
                    "patterns": [

                            "more info",
                            "contact info",
                            "how to contact college",
                            "college telephone number",
                            "college number",
                            "what is your contact no",
                            "contact number?",
                            "how to call you",
                            "college phone no?",
                            "how can i contact you",
                            "can i get your phone number",
                            "how can i call you",
                            "phone number",
                            "phone no",
                            "call"
                    ],
                    "responses": [
                            "You can contact at 04042417773"
                    ],
                    "context_set": ""
            },
            {
                    "tag": "course",
                    "patterns": [
                            "list of courses",
                            "list of courses offered",
                            "list of courses offered in BVRITH",
                            "what are the courses offered in your college?",
                            "courses?",
                            "courses offered",
                            "courses offered in BVRITH",
                            "courses you offer",
                            "branches?",
                            "courses available at BVRITH?",
                            "branches available at BVRITH?",
                            "what are the courses in BVRITH?",
                            "what are branches in BVRITH?",
                            "what are courses in BVRITH?",
                            "branches available in BVRITH?",
                            "can you tell me the courses available in BVRITH?",
                            "can you tell me the branches available in BVRITH?",
                            "civil engineering?",
                            "computer engineering?",
                            "it engineering?",
                            "automobile engineering?",
                            "mechanical engineering?",
                            "electrical engineering?",
                            "civil",
                            "it",
                            "IT",
                            "computer",
                            "automobile",
                            "mechanical",
                            "electrical",
                            "comps",
                            "auto",
                            "mech",
                            "extc"
                    ],
              "responses": [
                "Bachelors Programmes provided are Computer Engineering, Electrical Engineering, Electronics and Telecommunications Engineering, Information Technology Engineering,Mechanical Engineering and Applied Sciences.For more details visit<a target=\"_blank\" href=\"https://bvrithyderabad.edu.in\"> here</a>"
              ],
                    "context_set": ""
            },
            {
                    "tag": "fees",
                    "patterns": [
                            "information about fee",
                            "information on fee",
                            "tell me the fee",
                            "college fee",
                            "fee per semester",
                            "what is the fee of each semester",
                            "what is the fees of each year",
                            "what is fee",
                            "what is the fees",
                            "how much is the fees",
                            "fees for first year",
                            "fees",
                            "about the fees",
                            "tell me something about the fees",
                            "fees fe",
                            "fees se",
                            "fees te",
                            "fees be",
                            "fees me",
                            "fees comps",
                            "fees it",
                            "fees mech",
                            "fees auto",
                            "fees extc",
                            "fees electrical",
                            "fees computer",
                            "fees mechanical",
                            "fees automobile",
                            "fees open fe",
                            "fees open se",
                            "fees open te",
                            "fees open be"
                    ],
              "responses": [
                "For Fee details visit <a target=\"_blank\" href=\"https://bvrithyderabad.edu.in/admission/fee-details\"> here</a>"
              ],
                    "context_set": ""
            },
            {
                    "tag": "location",
                    "patterns": [
                            "where is the college located",
                            "college is located at",
                            "where is college",
                            "where is college located",
                            "address of college",
                            "how to reach college",
                            "college location",
                            "college address",
                            "wheres the college",
                            "how can I reach college",
                            "whats is the college address",
                            "what is the address of college",
                            "address",
                            "location"
                    ],
              "responses": [
                "Bachupally, 8-5/4, Nizampet Rd, Opposite Rajiv Gandhi Nagar Colony, Hyderabad, Telangana 500090 /n For more details visit <a target=\"_blank\" href=\"https://maps.app.goo.gl/A1YFk5qDAStuAHkj9\"> here</a>"

              ],
                    "context_set": ""
            },
            {
                    "tag": "hostel",
                    "patterns": [
                            "hostel facility",
                            "hostel servive",
                            "hostel location",
                            "hostel address",
                            "hostel facilities",
                            "hostel fees",
                            "does college provide hostel",
                            "is there any hostel",
                            "where is hostel",
                            "do you have hostel",
                            "do you guys have hostel",
                            "hostel",
                            "hostel capacity",
                            "what is the hostel fee",
                            "how to get in hostel",
                            "what is the hostel address",
                            "how far is hostel from college",
                            "hostel college distance",
                            "where is the hostel",
                            "how big is the hostel",
                            "distance between college and hostel",
                            "distance between hostel and college"
                    ],
              "responses": [
                "BVRITH provides safe and affordable hostel facilities for girls only.We have 7 Hostels  1.Samyutha  2.Soudhamini 3.Seethamma 4.Sarada  5.Savitri  6.Sravani 7.Saraswathi"

              ],
                    "context_set": ""
            },
             {
                    "tag": "infrastructure",
                    "patterns": [
                            "infrastructure",
                            "building",
                            "number of floors in bulding",
                            "college infrastructure",
                            "departments and labs",
                            "departments",
                            "labs",
                            "canteen",
                            "infrastructure BVRITH",
                            "tell me about infrastructure",
                            "what about infrastructure"
                    ],
              "responses": [
                " For campus tour please visit the following link.<a target=\"_blank\" href=\"https://www.youtube.com/watch?v=oWy93hpX1gA\"> here</a>",
                "For infrastructure details visit <a target=\"_blank\" href=\"https://www.youtube.com/watch?v=oWy93hpX1gA\"> here</a>"
              ],
                    "context_set": ""
            },
            {
                    "tag": "event",
                    "patterns": [
                            "events organised",
                            "list of events",
                            "list of events organised in college",
                            "list of events conducted in college",
                            "What events are conducted in college",
                            "Are there any event held at college",
                            "Events?",
                            "functions",
                            "what are the events",
                            "tell me about events",
                            "what about events"
                    ],
              "responses": [
                "Our college organizes various events during academics./n Many Events are useful for technical skils and placements activities./n There are many events which are held by deparments./n <a target=\"_blank\" href=\"https://bvrithyderabad.edu.in/\"> here</a>",
                "Our BVRITH organizes FESTIVAL every year./n There are major 1 fest in our college.1)MEDHANVESH Visit <a target=\"_blank\" href=\"https://bvrithyderabad.edu.in\"> here</a>"
              ],
                    "context_set": ""
            },
            {
                    "tag": "document",
                    "patterns": [
                            "document to bring",
                            "documents needed for admision",
                            "documents needed at the time of admission",
                            "documents needed during admission",
                            "documents required for admision",
                            "documents required at the time of admission",
                            "documents required during admission",
                            "what document are required for admission",
                            "which document to bring for admission",
                            "documents",
                            "what documents do i need",
                            "what documents do i need for admission",
                            "documents needed"
                    ],
              "responses": [
                "To know more about documents required visit<a target=\"_blank\" href=\"https://bvrithyderabad.edu.in/admission/documents-to-submit/\"> here</a>"
              ],						
                    "context_set": ""
            },
            {
                    "tag": "syllabus",
                    "patterns": [
                            "syllabus for IT",
                            "what is the Information Technology syllabus",
                            "syllabus",
                            "timetable",
                            "what is IT syllabus",
                            "syllabus",
                            "what is next lecture"
                    ],
              "responses": [
                "Syllabus of all years and departments is available in the link below. <a target=\"_blank\" href=\"https://bvrithyderabad.edu.in\"> here</a>"
              ],
                    "context_set": ""
            },
            {
                    "tag": "library",
                    "patterns": [
                            "is there any library",
                            "library facility",
                            "library facilities",
                            "do you have library",
                            "does the college have library facility",
                            "college library",
                            "where can i get books",
                            "book facility",
                            "where is library",
                            "library",
                            "tell me about library",
                            "how many libraries"
                    ],
              "responses": [
                "BVRITH has a huge and spacious library Three floors. For more details visit <a target=\"_blank\" href=\"https://bvrithyderabad.edu.in/library/\"> here</a>"
              ],
                    "context_set": ""
            },
            {
                    "tag": "canteen",
                    "patterns": [
                            "food facilities",
                            "canteen facilities",
                            "canteen facility",
                            "is there any canteen",
                            "is there a cafetaria in college",
                            "does college have canteen",
                            "where is canteen",
                            "where is cafetaria",
                            "canteen",
                            "cafetaria"
                    ],
              "responses": [
                "BVRITH has canteen with variety of food available. <a target=\"_blank\" href=\"https://bvrithyderabad.edu.in/food-and-cafetaria/\"> here</a>"
              ],
                    "context_set": ""
            },
            {
                    "tag": "menu",
                    "patterns": [
                            "food menu",
                            "food in canteen",
                            "whats there on menu",
                            "what is available in college canteen",
                            "what foods can we get in college canteen"
                    ],
                    "responses": [
                            "The college canteen serves Tea, Coffee, Vada Pav, Misal Pav, Bread Pakoda, Thaali, Samosa, Dal Rice, Biryani and many more dishes."
                    ],
                    "context_set": ""
            },
            {
                    "tag": "placement",
                    "patterns": [
                            "what is college placement",
                            "which companies visit in college",
                            "what is average package",
                            "companies visit",
                            "package",
                            "placement",
                            "recruitment",
                            "companies"
                    ],
              "responses": [
                "Various companies are coming to recruite our students and offer maximum packages.MAIN RECRUITERS are TCS,RELIANCE JIO,L AND T INFOTECH etc.For more information visit <a target=\"_blank\" href=\"https://bvrithyderabad.edu.in/placements/placement-details/\">here</a>",
                "Our college oragnise various activities related to placements.For latest update visit <a target=\"_blank\" href=\"https://bvrithyderabad.edu.in/placements/placement-details/\">here</a>"
              ],
                    "context_set": ""
            },
            {
                    "tag": "ithod",
                    "patterns": [
                            "who is it hod",
                            "where is it hod",
                            "it hod",
                            "name of it hod"
                    ],
              "responses": [
                "Dr.Aruna Rao is IT HOD who is available on the 1sth floor. To know more visit <a target=\"_blank\" href=\"https://bvrithyderabad.edu.in/information-technology/about-hod/\">here</a>"
              ],
                    "context_set": ""
            },
            {
                   "tag": "comphod",
                   "patterns": [
                           "who is cse hod",
                           "where is cse hod",
                           "cse hod",
                           "name of cse hod"
                   ],
              "responses": [
                "Dr.Sreevani is CSE HOD who is available on 2nd floor. To know more visit <a target=\"_blank\" href=\"https://bvrithyderabad.edu.in/computer-science-and-engineering/about-hod/\">here</a>"
              ],
                    "context_set": ""
            },
            {
                   "tag": "elechod",
                   "patterns": [
                           "who is electrical hod",
                           "where is electrical hod",
                           "electrical hod",
                           "name of electrical hod"
                   ],
              "responses": [
                "Dr.Anwar Bhasha. is Electrical HOD who is available on 2nd floor. To know more visit <a target=\"_blank\" href=\"https://bvrithyderabad.edu.in/electrical-and-electronics-engineering/about-hod/\">here</a>"
              ],
                    "context_set": ""
            },
            {
                    "tag": "principal",
                    "patterns": [
                            "what is the name of principal",
                            "what is the principal name",
                            "principal name",
                            "who is college principal",
                            "where is principal's office",
                            "principal",
                            "name of principal"
                    ],
              "responses": [
                "Dr.K.V.N.Sunitha is college principal who is available on Ground floor. To know more visit <a target=\"_blank\" href=\"https://bvrithyderabad.edu.in/principal/\">here</a>"
              ],
                    "context_set": ""
            },
            {
                    "tag": "admission",
                    "patterns": [
                            "what is the process of admission",
                            "what is the admission process",
                            "How to take admission in your college",
                            "what is the process for admission",
                            "admission",
                            "admission process",
                            "eligibility for admission",
                            "eligibility",
                            "what is the eligibility",
                            "eligibility criteria",
                            "eligibility criteria for enigineering",
                            "admission engineering"
                    ],
              "responses": [
                "Application can also be submitted online through the JNTUH Unversity. Refer <a href=https://bvrithyderabad.edu.in/>website</a>"
              ],
                    "context_set": ""
            },
            {
                    "tag": "facilities",
                    "patterns": [
                            "what facilities college provide",
                            "college facility",
                            "what are college facilities",
                            "facilities",
                            "facilities provided"
                    ],
                    "responses": [
                            "BVRITH provides Labs with internet connection, smart classroom, Auditorium, library,canteen. Labs are equipped with modern technologies. Also there is bus facility for the students and faculty"
                    ],
                    "context_set": ""
            },
            {
                    "tag": "college intake",
                    "patterns": [
                            "max number of students",
                            "number of seats per branch",
                            "number of seats in each branch",
                            "maximum number of seats",
                            "maximum students intake",
                            "what is college intake",
                            "how many stundent are taken in each branch",
                            "seat allotment",
                            "seats"
                    ],
                    "responses": [
                            "For Computer and AIML, the intake is 120.For IT, Electrical 60 per batch. "
                    ],
                    "context_set": ""
            },
            {
                    "tag": "uniform",
                    "patterns": [
                            "college dress code",
                            "college dresscode",
                            "what is the uniform",
                            "can we wear casuals",
                            "does college have an uniform",
                            "is there any uniform",
                            "uniform",
                            "what about uniform",
                            "do we have to wear uniform"
                    ],
                    "responses": [
                            "BVRITH does not have uniform"
                    ],
                    "context_set": ""
            },
            {
                    "tag": "random",
                    "patterns": [
                            
                            "i love you",
                            "will you marry me",
                            "do you love me"
                    ],
                    "responses": [
                            "I am not program for this please ask appropriate query"
                    ],
                    "context_set": ""
            },
            {
                    "tag": "swear",
                    "patterns": [
                            "fuck",
                            "bitch",
                            "shut up",
                            "hell",
                            "stupid",
                            "idiot",
                            "dumb ass",
                            "asshole",
                            "fucker"
                    ],
                    "responses": [
                            "please use appropriate language",
                            "Maintaining decency would be appreciated"
                    ],
                    "context_set": ""
            },
            {
                    "tag": "salutaion",
                    "patterns": [
                            "okk",
                            "okie",
                            "nice work",
                            "well done",
                            "good job",
                            "thanks for the help",
                            "Thank You",
                            "its ok",
                            "Thanks",
                            "k",
                            "ok",
                            "okay"
                    ],
                    "responses": [
                            "I am glad I helped you",
                            "welcome, anything else i can assist you with?"
                    ],
                    "context_set": ""
            },
            {
                    "tag": "task",
                    "patterns": [
                            "what can you do",
                            "what are the thing you can do",
                            "things you can do",
                            "what can u do for me",
                            "how u can help me",
                            "why i should use you"
                    ],
                    "responses": [
                            "I can answer to low-intermediate questions regarding college",
                            "You can ask me questions regarding college, and i will try to answer them"
                    ],
                    "context_set": ""
            },
            {
                    "tag":"ragging",
                    "patterns":[
                            "ragging",
                            "is ragging practice active in college",
                            "does college have any antiragging facility",
                            "is there any ragging cases",
                            "is ragging done here",
                            "ragging juniors",
                            "ragging history",
                            "ragging incidents"
                            
                    ],
                    "responses": [
                            "We are Proud to tell you that our college provides ragging free environment, and we have strict rules against ragging"
                    ]

            },
            {
                    "tag":"hod",
                    "patterns":[
                            "hod",
                            "hod name",
                            "who is the hod"
                    ],
                    "responses":[
                            "HODs differ for each branch, please be more specific like: (HOD it)"
                    ]
            },
            {
                    "tag":"transport",
                    "patterns":[
                            "dtc bus route",
                            "mode of transportation",
                            "how to get to college",
                            "buses for college",
                            "college buses",
                            "bus routes",
                            "list of buses for travelling"    
                    ],
                    "responses":[
                            "BVRITH provides bus facility to students through various places like Kukatpally, Miyapur, Uppal, ECIL, Sangareddy,JNTU, etc."
                    ]
            },
            {
                    "tag":"scholarship",
                    "patterns":[
                            "scholarship",
                            "is scholarship available",
                            "scholarship engineering",
                            "scholarship fe",
                            "scholarship se",
                            "scholarship te",
                            "scholarship be",
                            "available scholarships",
                            "scholarship for computer engineering",
                            "scholarship for automobile engineering",
                            "scholarship for IT engineering",
                            "scholarship for mechanical engineering",
                            "scholarship for civil engineering",
                            "scholarship for extc engineering",
                            "scholarship for electrical engineering",
                            "list of scholarship",
                            "comps scholarship",
                            "it scholarship",
                            "mechanical scholarship",
                            "civil scholarship",
                            "electrical scholarship",
                            "extc scholarship",
                            "automobile scholarship",
                            "first year scholarship",
                            "second year scholarship",																				
                            "third year scholarship",
                            "fourth year scholarship"
                    ],
              "responses": [
                "Many government scholarships are supported by JNTUH. For details and updates visit <a target=\"_blank\" href=\"https://bvrithyderabad.edu.in/\">here</a>"
              ]
            },
            {
                    "tag":"faculty",
                    "patterns":[
                            "faculty",
                            "faculty details",
                            "faculty fe",
                            "faculty se",
                            "faculty te",
                            "faculty be",
                            "cse faculty",
                            "it faculty",
                            "mechanical faculty",
                            "automobile faculty",
                            "extc faculty",
                            "electrical faculty",
                            "civil faculty",
                            "engineering faculty",
                            "list of faculty",
                            "first year faculty",
                            "second year faculty",
                            "third year faculty",
                            "fourth year  faculty",
                            "give faculty details",
                            "tell me about the faculty",
                            "how is the faculty",
                            "staff",
                            "please give information about faculty",
                            "faculty information",
                            "faculty?"
                    ],
              "responses": [
                "BVRITH has a highly qualified and experienced faculty. For details visit <a target=\"_blank\" href=/\"https://bvrithyderabad.edu.in/\">here</a>"
              ]
            },
            {
                    "tag":"student portal",
                    "patterns":[
                            "student portal",
                            "give student portal link",
                            "student portal?",
                            "where is student portal",
                            "bvrith student portal",
                            "how to get student portal",
                            "where to get fees receipt",
                            "please provide student portal link",
                            "where to login"
                    ],
              "responses": [
                "For student portal link visit<a target=\"_blank\" href=/\"https://bvrithyderabad.ac.in/Default.aspx?ReturnUrl=%2f\">here</a>"
              ]
            },
            {
                    "tag":"faculty portal",
                    "patterns":[
                            "faculty portal",
                            "give student faculty link",
                            "faculty portal?",
                            "where is faculty portal",
                            "bvrith fcaulty portal",
                            "how to get faculty portal",
                            "please provide faculty portal link"
                    ],
              "responses": [
                "For Faculty portal link visit<a target=\"_blank\" href=/\"https://bvrithyderabad.ac.in/Default.aspx?ReturnUrl=%2f\">here</a>"
              ]
            },
            {
                    "tag":"sports",
                    "patterns":[
                            "sports and games",
                            "give sports details",
                            "sports infrastructure",
                            "sports facilities",
                            "bvrith sports facilities",
                            "information about sports",
                            "please provide sports and games information"
                    ],
              "responses": [
                "BVRITH encourages all-round development of students and hence provides sports facilities in the campus. For more details visit<a target=\"_blank\" href=/\"https://bvrithyderabad.edu.in/\">here</a>"
              ]
            },
            {
                    "tag":"fest",
              "patterns": [
                "fests",
                "college fest",
                "medhanvesh",
                "tech medhanvesh",
                "bvrith fests",
                "information fest",
                "please provide fests information",
                "medhanvesh information",
                "tech medhanvesh information",
                "tell me about college fests",
                "tell me about tech medhanvesh",
                "tell me about medhanvesh",
                "information medhanvesh",
                "please provide medhanvesh information",
                "please provide tech medhanvesh information",
                "tech medhanvesh details",
                "medhanvesh details",
                "give me medhanvesh details",
                "give me tech medhanvesh details",
                "give me fests details",
                "fests?"
              ],
              "responses": [
                "BVRITH encourages all-round development of students and hence organizes vibrant fests like medhanvesh in the campus. For more details visit<a target=\"_blank\" href=/\"https://bvrithyderabad.edu.in/\">here</a>"
              ]
            }
    ]
}